{
    "左立体内参矩阵": [
        [
            5160.6255559591,
            0.0,
            994.113768593489
        ],
        [
            0.0,
            5174.335383309816,
            620.5648265271992
        ],
        [
            0.0,
            0.0,
            1.0
        ]
    ],
    "左立体畸变系数": [
        [
            0.03122581368299198,
            0.08432837758384666,
            0.0,
            0.0,
            3.0788394136750346
        ]
    ],
    "右立体内参矩阵": [
        [
            5146.321735030336,
            0.0,
            942.5479696920432
        ],
        [
            0.0,
            5177.465353678423,
            710.5681793382641
        ],
        [
            0.0,
            0.0,
            1.0
        ]
    ],
    "右立体畸变系数": [
        [
            0.04271921326547118,
            0.4190230670531942,
            0.0,
            0.0,
            -5.810474320362663
        ]
    ],
    "外参旋转矩阵": [
        [
            0.9998629806208017,
            -0.011877381921883515,
            -0.011530298468294365
        ],
        [
            0.012992510787512427,
            0.9946974250617183,
            0.10202071965548769
        ],
        [
            0.010257419145311844,
            -0.1021565483670477,
            0.9947154492507938
        ]
    ],
    "外参平移矩阵": [
        -47.140191451458165,
        -476.7904602317031,
        -76.47840100334088
    ],
    "立体重投影误差": 0.6343232166198771,
    "外参平移向量的模": 485.18067401543027
}