{
    "左立体内参矩阵": [
        [
            5253.915947537317,
            0.0,
            994.3049542101593
        ],
        [
            0.0,
            5253.915947537317,
            552.8792377602839
        ],
        [
            0.0,
            0.0,
            1.0
        ]
    ],
    "左立体畸变系数": [
        [
            0.02253110265507863,
            0.19196855950907024,
            0.0,
            0.0,
            0.0
        ]
    ],
    "右立体内参矩阵": [
        [
            5389.982611432492,
            0.0,
            942.1561846101907
        ],
        [
            0.0,
            5389.982611432492,
            555.169237000625
        ],
        [
            0.0,
            0.0,
            1.0
        ]
    ],
    "右立体畸变系数": [
        [
            0.02663377344333524,
            0.972005556223206,
            0.0,
            0.0,
            0.0
        ]
    ],
    "外参旋转矩阵": [
        [
            0.9998484084740074,
            -0.012098667967343255,
            -0.012521274112907058
        ],
        [
            0.01342993100992134,
            0.9935763088885875,
            0.11236438656620172
        ],
        [
            0.011081381911265734,
            -0.11251551292486757,
            0.9935881754158463
        ]
    ],
    "外参平移矩阵": [
        -33.37938657583019,
        -433.6539936869644,
        212.83623361181844
    ],
    "立体重投影误差": 0.6315777250346389,
    "外参平移向量的模": 484.2202309145055
}